,product_name,Accuracy_Score,uses_cov
0,P1000,0.7670714263906887,no
1,P1001,0.410768839878605,no
2,P1002,0.8811690568080353,yes
3,P1003,0.5058256642693651,no
4,P1004,0.6344376827715855,no
5,P1005,0.6761887763933098,no
6,P1006,0.3106602891938629,no
7,P1007,0.4367027751875805,no
8,P1008,0.7517710065966525,no
9,P1009,0.24820456624278187,no
10,P1010,0.8209562586058967,no
11,P1011,0.7619978187459245,no
12,P1012,0.5257240302569436,no
13,P1013,0.7542501608104037,yes
14,P1014,0.5573169179563735,no
15,P1015,0.7891393529221541,no
16,P1016,0.44958053225179173,no
17,P1017,0.7147258128152718,no
18,P1018,0.6855051651644861,no
19,P1019,0.6510478905853293,no
20,P1020,0.5561163714744332,yes
21,P1021,0.7271268194256545,no
22,P1022,0.7632193109726557,no
23,P1023,0.50925218302944,no
24,P1024,0.4320953411972309,no
25,P1025,0.6227679525132096,no
26,P1026,0.7022485412111537,no
27,P1027,0.30266795571995886,no
28,P1028,0.8440583837351809,yes
29,P1029,0.9143642682058833,yes
30,P1030,0.8060384174130962,no
31,P1031,0.5922246801232238,no
32,P1032,0.7651919838802632,no
33,P1034,0.6962999395461895,no
34,P1036,0.6674499313747673,no
35,P1037,0.6956276811840036,yes
36,P1038,0.09432163407021532,yes
37,P1039,1.2191405329708971e-08,no
38,P1040,0.6261845250527197,no
39,P1042,0.22339811289475908,no
40,P1045,0.6258008731054142,no
41,P1046,2.3263542203721954e-08,no
42,P1047,0.29273694472702605,no
43,P1050,0.36804515795490866,no
44,P1054,0.000205012213047584,no
45,P1055,0.5205546271748775,no
46,P1063,0.0,no
47,P1104,0.026239708720393273,no
48,P1105,2.4999996295349547e-08,no
49,P1106,0.46034633850122,no
50,P1107,3.333326665799774e-07,no
51,P1108,0.6492642236945425,yes
52,P1109,0.3113576870444764,no
53,P1110,0.6047377182379636,no
54,P1111,0.5568898896000426,no
55,P1112,5.405404834846195e-08,no
56,P1114,0.4934415131236204,no
57,P1119,0.29248349299169196,no
58,P1120,0.0,no
59,P1124,0.35249007856652226,no
60,P1127,0.0,no
61,P1128,0.03266798647892599,no
62,P1130,0.3549093667605172,no
63,P1131,0.5799745080627182,no
64,P1132,0.5175354645616936,no
65,P1134,0.8097112068808525,yes
66,P1135,0.7688664204470769,no
67,P1136,0.7820258313143955,yes
68,P1137,0.7684039822377617,no
69,P1139,0.8650170092540022,yes
70,P1140,0.1028155686183525,no
71,P1141,0.6002059287813779,no
72,P1142,0.7195050207334039,no
73,P1143,0.30283722543393976,no
74,P1144,0.8141495481576069,no
75,P1145,0.8496018346263569,no
76,P1147,0.6804436024405395,yes
77,P1148,0.3047555477410605,no
78,P1149,0.5477040479095352,no
79,P1150,0.5336830764418665,no
80,P1151,0.6392746237458078,yes
81,P1152,0.725103244775996,yes
82,P1153,0.5753731365449336,no
83,P1154,0.7536626519362769,no
84,P1155,0.6775766412269755,no
85,P1156,0.7617989152160495,no
86,P1157,0.5627370420527813,no
87,P1158,0.5497755981328685,no
88,P1159,0.0,no
89,P1160,0.6719956864908614,no
90,P1161,1.9047617816347895e-08,no
91,P1162,0.0,no
92,P1163,0.15106441367831225,no
93,P1164,0.011553960140377906,no
94,P1166,0.6002355213838951,no
95,P1167,0.6789086187541704,no
96,P1170,0.9020462237487058,no
97,P1172,0.8241169962315023,no
98,P1174,0.8473161722129041,no
99,P1177,0.1338682268344532,no
100,P1179,0.836582509422056,no
101,P1180,0.6368070672889885,no
102,P1182,0.6603318260526119,no
103,P1183,0.7992602527408628,no
104,P1185,0.40565716339710156,no
105,P1186,0.446656237118745,no
106,P1188,0.39251192351917785,no
107,P1191,0.26695896075594405,no
108,P1192,0.5906485432457119,yes
109,P1202,0.20455773607634842,no
110,P1203,0.5558100147939506,no
111,P1204,0.45874726693658674,no
112,P1205,0.2733028661300061,no
113,P1206,0.23339769168982516,no
114,P1208,0.44502152983172827,no
115,P1209,0.48423361071343984,no
116,P1210,0.41455519147442277,no
117,P1211,0.2923493405459445,no
118,P1212,3.6363634436931136e-08,no
119,P1213,0.45322449625026706,no
120,P1214,0.4624404924439639,no
121,P1215,0.2236325445467896,no
122,P1216,0.5842605596796979,no
123,P1217,0.4796590528562644,no
124,P1218,0.7678337040040096,no
125,P1219,0.487268263369357,no
126,P1220,0.6071689833450543,no
127,P1221,0.8118303297841113,yes
128,P1222,0.7982415959433417,yes
129,P1224,0.8688601084677142,no
130,P1225,0.5222882383037852,no
131,P1226,3.174603069311388e-08,no
132,P1227,0.4974917016816476,no
133,P1228,0.6936337089370685,no
134,P1229,6.40597364043316e-09,no
135,P1230,0.6728525882453948,no
136,P1231,0.6870851657532839,no
137,P1233,0.47223917022574746,no
138,P1234,0.4179211585436349,no
139,P1235,0.5677023103015139,no
140,P1236,0.5674476305477573,yes
141,P1237,0.4638793154018793,no
142,P1239,0.7495787575877999,yes
143,P1240,0.3250150306701379,no
144,P1241,0.7654626203085317,yes
145,P1242,0.317471473386997,no
146,P1243,0.6927448251926617,no
147,P1244,0.7156230155499315,no
148,P1245,0.7071242970745397,no
149,P1246,0.1814516110537484,no
150,P1247,0.5358026262949178,yes
151,P1248,0.7694441942197299,no
152,P1249,0.5932054627793353,no
153,P1250,0.5921238227422818,no
154,P1252,0.7240961831685988,no
155,P1253,0.29520419425173217,no
156,P1254,0.3516382647316625,no
157,P1255,0.5385606362386741,no
158,P1256,0.6390898737143557,no
159,P1257,0.4303073715508351,no
160,P1258,0.7153037634122454,no
161,P1259,0.008589792740418933,no
162,P1260,0.7386288855896981,no
163,P1261,0.017476812473070424,yes
164,P1262,0.6928733596947514,no
165,P1263,0.7134561961783703,no
166,P1264,0.07733420591745921,no
167,P1265,8.695647657486205e-08,no
168,P1266,0.05029916288928149,no
169,P1267,0.030742847802857298,no
170,P1269,0.0,no
171,P1272,0.298786316744869,no
172,P1274,0.6909214294609076,yes
173,P1276,0.6484354615767524,no
174,P1277,0.8070581461196354,yes
175,P1279,0.8528581915372702,yes
176,P1281,1.1111103703775882e-07,no
177,P1282,0.7185301480225862,yes
178,P1283,0.48884572320557007,no
179,P1284,0.7373891277413049,no
180,P1285,0.7769381020585046,yes
181,P1286,0.8120867906399338,no
182,P1287,0.1708006667362162,no
183,P1288,0.6906010498460429,no
184,P1289,0.8101438870148897,no
185,P1290,0.6187358246461914,no
186,P1291,0.6983413478334325,yes
187,P1292,0.7651306070836305,no
188,P1293,0.6757864043629616,no
189,P1294,0.3027884666596148,no
190,P1295,0.8463499954575474,no
191,P1296,0.5604853549084072,yes
192,P1297,0.5479580157728177,yes
193,P1299,0.8580846826690569,no
194,P1300,0.7815818046457823,no
195,P1301,0.40105817674247035,no
196,P1302,0.667151153712273,no
197,P1303,0.6494220681972533,no
198,P1304,0.8177334464506691,no
199,P1306,0.7494006694269456,no
200,P1307,0.6776168260618162,no
201,P1308,0.7678635268206262,no
202,P1309,0.5724840816002703,no
203,P1310,0.656571841658268,no
204,P1313,0.3160807699236453,no
205,P1314,0.0,no
206,P1315,0.09041417038255484,no
207,P1316,0.3767352299399983,no
208,P1317,0.5631684273542741,no
209,P1319,0.37899953063839653,no
210,P1320,0.41732310781487636,no
211,P1321,0.570930349500853,no
212,P1322,0.7230379277247314,no
213,P1323,0.0,no
214,P1324,6.666639998931245e-07,no
215,P1325,0.6798989721546691,no
216,P1326,0.5593608638992698,no
217,P1327,0.5530618445580877,no
218,P1329,0.774516558611273,no
219,P1331,0.0,no
220,P1337,0.0,no
221,P1338,0.45831720561264067,no
222,P1339,0.0,no
223,P1343,0.6101708988233447,no
224,P1344,0.293687472814267,no
225,P1346,0.7882500572277996,no
226,P1348,0.0,no
227,P1351,0.8041835335899742,no
228,P1352,0.0,no
229,P1353,0.2027313868814663,no
230,P1355,0.907091867685364,no
231,P1357,0.8459461058194336,yes
232,P1359,0.42461990700566965,no
233,P1362,0.8780735288604448,no
234,P1363,0.17896346572422683,no
235,P1365,0.848872468311421,no
236,P1366,1.6666665003661763e-07,no
237,P1367,0.6849586810772919,no
238,P1369,0.22097377029560428,no
239,P1372,0.5129999646209592,no
240,P1373,0.5852728527815909,no
241,P1374,0.0,no
242,P1376,0.8336271853998704,no
243,P1378,0.0,no
244,P1380,0.5403018604972232,no
245,P1381,0.0,no
246,P1382,0.0,no
247,P1383,0.0,no
248,P1385,1.9656018923619456e-08,no
249,P1386,0.6628000255872091,no
250,P1387,0.5351861622205061,no
251,P1388,0.5070441459143809,no
252,P1389,0.4702037170303226,no
253,P1390,0.26377207166636707,no
254,P1391,0.6135531713980212,no
255,P1392,0.24964813102927186,no
256,P1393,0.0,no
257,P1394,0.7427961680732968,no
258,P1395,0.7442292582732579,no
259,P1397,0.38976675615087486,no
260,P1430,0.22607746749909363,no
261,P1431,0.081989247311828,no
262,P1432,0.42048231056510743,no
263,P1433,0.09523809523579752,no
264,P1435,2.7777775413184713e-08,no
265,P1436,0.13136288964681553,no
266,P1437,0.23666622985191976,no
267,P1438,0.06060606058006612,no
268,P1440,0.08443540182598852,no
269,P1441,0.0638200183654728,no
270,P1442,0.23647058813380817,no
271,P1443,0.0,no
272,P1444,3.284072347398137e-09,no
273,P1445,0.0,no
274,P1446,0.0,no
275,P1448,0.0,no
276,P1450,0.02585469811428731,no
277,P1451,0.39629669680245105,no
278,P1452,0.22699110888458063,no
279,P1454,0.6262431644659345,no
280,P1456,0.25543050213636465,no
281,P1457,0.5046498716866243,no
282,P1458,0.0,no
283,P1459,1.6474464015203694e-08,no
284,P1460,0.0,no
285,P1461,0.18261490264148816,no
286,P1462,1.0582010379067697e-08,no
287,P1463,0.0,no
288,P1464,0.0,no
289,P1465,0.0,no
290,P1466,0.027105353975877766,no
291,P1468,0.10098472329399633,no
292,P1469,0.13706100820117728,no
293,P1470,0.188405797024904,no
294,P1471,0.08617065990890682,no
295,P1472,0.17721518987341767,no
296,P1473,0.31014262061034026,no
297,P1474,0.14467005065675098,no
298,P1475,0.0,no
299,P1476,1.6666658331221385e-07,no
300,P1477,2.2222192586074385e-07,no
301,P1478,7.407405755444074e-08,no
302,P1479,6.666657775822316e-07,no
303,P1482,0.6935818612907034,yes
304,P1483,0.41707732492284366,no
305,P1484,0.6414467306885592,no
306,P1486,0.21735031024779783,yes
307,P1488,0.7401195035831805,no
308,P1490,0.7112047647076015,no
309,P1491,0.6896422771372962,no
310,P1492,0.6253871982647143,yes
311,P1494,0.7326594206411335,yes
312,P1495,0.0,no
313,P1498,0.3470805022521878,no
314,P1499,0.2040348452625126,no
315,P1500,0.0035263872192899948,no
316,P1506,0.536837581140994,yes
317,P1511,0.269869808295614,no
318,P1515,8.474576151940028e-09,no
319,P1518,0.0,no
320,P1520,0.0,no
321,P1522,0.7186980924810984,no
322,P1524,0.7931103968606414,no
323,P1525,0.0,no
324,P1526,0.7803577377741622,no
325,P1528,0.0,no
326,P1529,0.13063676898695087,no
327,P1530,0.19741061159422602,no
328,P1531,0.06584362130045707,no
329,P1534,0.38146350803566353,no
330,P1535,0.6993952056775279,no
331,P1536,0.35853930307859827,no
332,P1538,0.23904665001695813,no
333,P1539,0.7082211034057933,no
334,P1540,0.5281014428132339,no
335,P1541,0.0,no
336,P1542,0.4929827389420661,no
337,P1543,0.17663353430014683,no
338,P1544,0.11534025374855827,no
339,P1545,0.25211227249156853,no
340,P1546,0.14357807702686587,no
341,P1547,0.30196582645803416,no
342,P1548,0.48595434072036503,no
343,P1549,0.0,no
344,P1551,0.6965925978987006,no
345,P1552,0.0,no
346,P1560,0.7270106025356797,no
347,P1563,0.8070797607675284,no
348,P1566,0.7373628954967453,no
349,P1567,0.45969509510279194,no
350,P1569,0.612915642061107,no
351,P1571,0.8394533492972451,no
352,P1572,0.5115090574440204,yes
353,P1573,0.6628615959644462,no
354,P1574,0.7875996659351558,no
355,P1577,0.813171254980958,no
356,P1578,0.8408704377698014,no
357,P1579,0.8171082317720952,no
358,P1580,0.8723071250565959,yes
359,P1581,0.5445352628386757,no
360,P1582,0.730440081384787,no
361,P1583,0.3878435338761119,yes
362,P1584,0.8605763462220619,yes
363,P1587,0.7743658340276084,no
364,P1588,0.7737934508726453,yes
365,P1590,0.7429148463827172,no
366,P1591,0.7963897687113097,no
367,P1592,0.0642465130089086,no
368,P1593,0.7085240333252426,yes
369,P1594,0.6026768213837146,no
370,P1595,0.8204708699400053,no
371,P1596,0.7718375261943202,yes
372,P1597,0.8024643899646,no
373,P1598,0.6130553867275046,no
374,P1599,0.7505618739863452,no
375,P1600,0.7274827109149402,yes
376,P1601,0.6115307365309162,yes
377,P1603,0.45708515651295856,no
378,P1604,0.46838066431412073,no
379,P1605,0.8349652506983349,no
380,P1606,0.6863443549236847,no
381,P1607,0.5572587162757293,yes
382,P1608,0.7123004738836134,no
383,P1609,0.8384851157832555,no
384,P1610,9.730654948469919e-09,no
385,P1611,0.731534198776561,no
386,P1612,0.722745889507183,no
387,P1613,0.77286835357324,no
388,P1614,0.7030521243977874,no
389,P1615,0.7787652259157603,no
390,P1616,0.6014057133058679,no
391,P1617,0.6789106427616703,no
392,P1618,0.3565837388939658,no
393,P1619,0.6522350249929889,no
394,P1620,0.7569055515185329,no
395,P1624,1.8601188256361922e-08,no
396,P1625,0.09481702007298043,no
397,P1626,0.7603991132946981,no
398,P1628,0.0,no
399,P1630,0.8303190080013143,no
400,P1631,0.3391277415345233,no
401,P1637,0.7868237917439364,no
402,P1638,0.7492417988130624,no
403,P1640,0.6966463335252084,no
404,P1641,0.838765235345968,yes
405,P1642,0.7643478136293149,no
406,P1643,0.6557120013031272,no
407,P1645,0.7601372882675589,no
408,P1647,0.750052959105357,no
409,P1650,0.8794723251253725,no
410,P1651,0.8371358900299938,yes
411,P1652,0.4663427644685856,no
412,P1654,0.5131235100163178,no
413,P1656,0.7406757901510789,no
414,P1659,0.7873724884733926,no
415,P1661,0.835602720010721,no
416,P1662,0.7790839059108134,no
417,P1663,0.5186738973021316,no
418,P1664,0.5180514357083819,no
419,P1668,0.7781883635611665,yes
420,P1669,0.7574315978038342,no
421,P1673,0.4814091426909094,no
422,P1674,0.7182816292222166,no
423,P1676,0.0,no
424,P1678,8.333291666717813e-07,no
425,P1680,0.0,no
426,P1682,0.5042740294272522,no
427,P1683,0.0,no
428,P1684,0.4800379895865109,no
429,P1685,0.7093389439900688,no
430,P1687,0.4734583370988542,no
431,P1688,0.7338514344302538,no
432,P1689,0.0,no
433,P1691,0.7460452337161925,no
434,P1692,0.8170669644069145,no
435,P1701,0.7057238680946787,no
436,P1702,0.0,no
437,P1703,0.6910901505894769,no
438,P1705,0.33098587355508435,no
439,P1707,0.012246925980071599,no
440,P1709,0.6332968690133554,no
441,P1710,0.6615508784299517,no
442,P1715,0.05159859887286411,no
443,P1716,0.7495680969776,no
444,P1717,0.737123824353352,no
445,P1718,0.4079009023527014,no
446,P1721,0.4392205795980012,no
447,P1723,0.7364436417990081,no
448,P1724,0.7069569745011481,no
449,P1725,0.5398341514415029,no
450,P1726,0.5506850107719735,no
451,P1727,0.7030040105480565,no
452,P1728,0.19592041737398047,no
453,P1729,1.937983934441334e-07,no
454,P1733,1.9841267295817033e-08,no
455,P1743,1.548215211588655e-08,no
456,P1746,0.0,no
457,P1752,0.0,no
458,P1753,0.0,no
459,P1754,0.8094928543563755,no
460,P1757,0.4770628138764258,no
461,P1760,0.7263235636345715,no
462,P1762,0.3463306022426408,no
463,P1763,0.5289178868191093,no
464,P1766,1.785714232038771e-08,no
465,P1767,0.6197558018385366,no
466,P1770,0.0,no
467,P1771,0.7331803073352722,no
468,P1772,0.0,no
469,P1773,0.881549855748826,no
470,P1774,0.8319090351155347,no
471,P1775,0.0,no
472,P1777,0.0,no
473,P1778,0.7294370809754728,no
474,P1779,0.7801630993717256,no
475,P1780,0.8318918419031311,no
476,P1781,0.6137521882501467,no
477,P1782,0.8545489694964572,no
478,P1783,0.0022823109100335026,yes
479,P1785,0.0,no
480,P1786,0.5092780709414886,no
481,P1787,0.8204843963460674,no
482,P1788,0.14848890646958046,no
483,P1789,0.378209146923962,no
484,P1790,0.7502589514230735,yes
485,P1791,0.7342715171332588,no
486,P1792,0.9003564612494205,no
487,P1793,0.6084103605069977,no
488,P1794,0.007141667328549595,no
489,P1798,0.0,no
490,P1799,0.0,no
491,P1800,0.2619703455291694,no
492,P1801,0.5215192011532255,no
493,P1802,0.0,no
494,P1805,0.8479890500726146,no
495,P1806,0.8737312933362147,no
496,P1807,0.7149499089729232,no
497,P1808,0.8399573780977165,no
498,P1810,0.0,no
499,P1813,0.8445500578881592,no
500,P1814,0.6498156790176979,no
501,P1815,0.7501820802431709,no
502,P1817,0.3327680512913874,no
503,P1818,0.6689475672812824,no
504,P1820,0.7994744833163998,no
505,P1821,0.5777520882524045,no
506,P1822,0.7536240451151008,no
507,P1823,0.7000221182272691,no
508,P1826,0.7535205703022188,no
509,P1827,0.0,no
510,P1834,0.0,no
511,P1843,0.28765189453398554,no
512,P1844,0.0,no
513,P1846,0.0,no
514,P1848,0.0,no
515,P1849,0.07248400857904103,no
516,P1850,0.3026890456370799,no
517,P1852,0.8807630534583575,no
518,P1854,0.7466362133432232,no
519,P1855,0.5896038323154804,no
520,P1857,0.0,no
521,P1860,0.7972346590764883,no
522,P1861,0.8369831897959206,yes
523,P1862,0.5293660480448188,no
524,P1863,0.43510706722997927,no
525,P1864,0.0,no
526,P1865,0.7819178403733106,no
527,P1867,0.6465387047750292,no
528,P1868,0.7790028834078614,no
529,P1871,0.8401119027114752,no
530,P1872,0.8862703194223711,no
531,P1873,0.7985348045617121,no
532,P1874,0.7118634250434756,no
533,P1875,0.6551097444153753,no
534,P1876,0.6658931486204878,no
535,P1877,0.7962433982765372,no
536,P1884,0.0,no
537,P1885,0.40892677422066037,no
538,P1886,0.364749287656998,no
539,P1887,0.0,no
540,P1888,0.0,no
541,P1889,0.0,no
542,P1890,0.0,no
543,P1896,0.7655528291723435,no
544,P1899,0.45211136319604484,no
545,P1901,0.6651345589039558,no
546,P1902,0.8183898182525079,yes
547,P1904,0.8126676795667113,no
548,P1905,0.7224214539547863,no
549,P1906,0.6610154091320561,no
550,P1907,0.0,no
551,P1908,0.5618911444489345,no
552,P1909,0.5162668219422181,no
553,P1910,0.7539154475201997,no
554,P1911,0.7578338692212914,no
555,P1912,0.5824663026235355,no
556,P1913,0.6948047200985792,no
557,P1914,0.6847196510308258,no
558,P1915,0.4495091304269383,no
559,P1916,0.0,no
560,P1917,0.8401090326305051,no
561,P211,1.8195048967495353e-07,no
562,P220,0.6320175442275986,no
563,P222,0.6664181614725708,no
564,P223,0.3712333215910678,no
565,P224,0.658114731731805,no
566,P225,0.5999947449481196,no
567,P226,1.3333327997244737e-07,no
568,P227,0.5782477653638557,no
569,P230,0.4177248953063236,no
570,P232,3.565062300925348e-08,no
571,P234,0.6969318510461765,no
572,P236,0.47966551452708794,no
573,P238,0.4211973087687608,no
574,P240,0.6831389697945327,no
575,P242,0.5175695228210542,no
576,P243,0.4877188107304492,no
577,P244,0.4828971095818677,no
578,P245,0.6758724288201576,no
579,P246,0.7572046284400535,no
580,P247,0.8034203811443228,yes
581,P249,0.572148656785342,yes
582,P250,0.2081227672038758,no
583,P252,0.11751122819773752,no
584,P253,0.8129474455437664,no
585,P254,0.7933893341821658,yes
586,P256,0.5880212930060416,no
587,P257,0.6898487507431883,no
588,P258,0.7202232670873618,yes
589,P259,0.0,no
590,P260,0.5273789748457504,no
591,P261,0.13404507705795543,no
592,P262,0.5359825157969035,no
593,P263,0.7802441163147911,no
594,P264,0.23560603209990072,no
595,P265,0.8400389411591054,yes
596,P267,0.6425646137044341,no
597,P268,0.8267028061373657,no
598,P269,0.7229665767297475,no
599,P271,0.6856019096375026,no
600,P272,0.6935048224516905,no
601,P273,0.7690853898002771,no
602,P275,0.7183323314730293,no
603,P276,0.41579418430119186,no
604,P277,0.4075438932945027,no
605,P278,0.23816258706076487,no
606,P279,0.11798300522526917,no
607,P280,0.07948674143735146,no
608,P281,0.7772067128897615,no
609,P282,1.1350737050275228e-07,no
610,P283,0.20833333302941281,no
611,P284,0.5323104688670394,no
612,P285,0.6958494183883398,no
613,P286,0.7208627434956165,no
614,P287,0.6936528851465635,no
615,P288,0.1614892704965556,no
616,P289,0.6078120382042937,yes
617,P290,0.03333482600226545,no
618,P291,0.7283323229122947,yes
619,P298,0.5666438153468595,no
620,P299,0.4947262306853526,no
621,P300,0.6920562511372719,yes
622,P301,0.7463986276508021,no
623,P302,0.38427596301176536,no
624,P303,0.41283292975369834,no
625,P304,0.617417129857299,no
626,P305,0.27963053038532226,no
627,P306,0.6585298558197894,no
628,P307,0.31764713696931235,no
629,P353,0.6629531129896733,no
630,P354,0.6498086754278031,yes
631,P355,0.6704284147582484,no
632,P356,0.12386663549468446,no
633,P382,0.39176269357282845,no
634,P384,0.0,no
635,P385,0.0,no
636,P387,0.0,no
637,P391,0.5588807149145617,no
638,P393,0.0,no
639,P395,0.7850550198402549,no
640,P405,0.0,no
641,P409,0.6530237496563053,no
642,P411,0.0,no
643,P412,0.3306264807369639,no
644,P415,0.05701779818904651,no
645,P495,0.6042562306664039,no
646,P496,0.7634562738857223,no
647,P497,0.49154299099458854,no
648,P498,0.5195693953919138,no
649,P499,0.6080178338300171,no
650,P500,0.0,no
651,P501,0.4111842849851055,no
652,P502,0.7849536048793755,no
653,P504,0.5153243890976664,no
654,P505,0.0,no
655,P506,0.0,no
656,P507,0.599669483154108,no
657,P508,0.495971260756634,no
658,P509,0.5663853152527316,no
659,P510,0.723329375154622,no
660,P511,0.6632712261565661,no
661,P512,0.5987563313172888,no
662,P513,0.29973472335749685,no
663,P515,0.7257988861904758,yes
664,P516,0.79773909099654,no
665,P517,0.6431465978871019,no
666,P518,0.8194233686943518,yes
667,P519,0.7459108634803004,no
668,P520,0.6246727416092459,no
669,P521,0.60475606144812,no
670,P522,0.7829379415614464,yes
671,P523,3.508771706517422e-08,no
672,P524,0.39210113934956947,no
673,P525,0.7903245432847086,yes
674,P526,0.494873203128686,no
675,P527,0.501334190872775,no
676,P528,0.7151034448138935,no
677,P529,0.4032052166039082,no
678,P530,0.7987361048082096,yes
679,P531,0.6036337895622512,yes
680,P532,0.8315670499855468,no
681,P533,0.8006720977605699,no
682,P534,0.762227227026784,yes
683,P535,0.7488309337127586,yes
684,P536,0.8286693921529702,yes
685,P537,0.11923007867300484,no
686,P538,3.7037032996067865e-08,no
687,P539,0.7225861361362064,no
688,P540,0.0,no
689,P541,0.3586210037495685,no
690,P542,0.30369958180034384,no
691,P543,0.22309731274887834,no
692,P544,0.844206218278829,no
693,P545,0.45252201240731205,no
694,P546,0.5205932675031656,yes
695,P547,0.26509685190856724,no
696,P548,0.705721075621601,no
697,P549,0.0,no
698,P550,0.12773722606832894,no
699,P551,0.4722598382514712,no
700,P552,0.7909678238200871,no
701,P553,0.2606465015765055,no
702,P554,0.6536515462881524,no
703,P555,0.6917870558901282,no
704,P556,0.7522837327278052,no
705,P557,0.4795509899290433,no
706,P558,0.7427772130844946,no
707,P560,0.04672723619962482,no
708,P561,0.0,no
709,P564,0.657025539302013,no
710,P566,0.5919701744231518,no
711,P567,0.6694544335031889,no
712,P568,0.404185647765097,no
713,P569,0.5670073811293046,no
714,P570,0.19998958066314976,no
715,P571,0.6467591460799655,no
716,P572,0.5288458801377912,no
717,P573,0.0,no
718,P574,0.4898431531034182,no
719,P575,0.3105083874329395,no
720,P576,0.4179456529324376,no
721,P577,0.40177993267750356,no
722,P579,0.0,no
723,P580,0.40780075991380993,no
724,P581,0.7064967620639231,no
725,P582,0.7177015684052339,no
726,P583,0.0,no
727,P584,0.5748266047858346,no
728,P585,0.7878652066470839,no
729,P586,1.999997599755332e-07,no
730,P588,0.7130689286711616,no
731,P589,0.5301419358778883,no
732,P590,0.7711300598565739,no
733,P591,0.10131634224898478,no
734,P592,0.2692554339352343,no
735,P593,0.6006306572379202,no
736,P594,0.8247534805759604,no
737,P597,0.6685130640595192,no
738,P598,0.776074795281156,no
739,P599,0.787424140804641,no
740,P600,0.2589220769297862,no
741,P601,0.3167716152852591,no
742,P603,0.0,no
743,P604,0.6452183806119938,no
744,P605,0.364344047840351,no
745,P606,0.11527534609971324,no
746,P608,0.6008646151503347,no
747,P609,0.2962977082541398,no
748,P610,0.8138316772797736,no
749,P611,0.004706108907638673,no
750,P612,0.6530511766038518,no
751,P613,0.7347190363600289,no
752,P614,0.3853780340217491,no
753,P615,0.6160884813226715,no
754,P616,0.7551611333854407,no
755,P617,0.3811049738319152,no
756,P618,0.6418599014371409,no
757,P619,0.6944394790218896,yes
758,P620,0.5687793650453767,no
759,P621,0.7155623973099224,no
760,P622,0.6792032432860784,no
761,P623,0.5768215305831307,no
762,P624,0.6082027049081046,yes
763,P625,0.42742749375827505,no
764,P626,0.0,no
765,P627,0.7623653431353324,no
766,P628,0.7050180943911999,no
767,P629,0.6842521242040216,no
768,P630,0.5488797999176641,no
769,P632,0.7401066656552754,no
770,P634,0.8557843657747828,no
771,P636,0.627014110377021,no
772,P637,0.1836290592495723,no
773,P639,0.7129011372940748,no
774,P642,0.5818176645232617,no
775,P644,1.4285711835704262e-07,no
776,P645,0.20467683064948317,no
777,P647,0.28733114274516736,no
778,P648,0.30967446119013653,no
779,P649,0.13971146545162028,no
780,P651,0.11392209556699506,no
781,P652,0.29509428463407683,no
782,P653,0.523970474671914,no
783,P655,0.4326698318988855,no
784,P656,0.3868702170518251,no
785,P658,0.2591786046123522,yes
786,P659,1.2903175857781335e-06,no
787,P660,4.54545411310292e-08,no
788,P662,0.22381325536426988,no
789,P663,0.7251952639818644,no
790,P664,0.32149740703918306,no
791,P666,0.468889635678312,no
792,P667,0.0009478130781265248,no
793,P668,3.1746011586175626e-07,no
794,P669,2.1627465818241376e-08,no
795,P670,0.0,no
796,P671,0.22108994386689473,no
797,P672,0.0,no
798,P673,1.0840104880394108e-07,no
799,P674,2.590286800052688e-06,no
800,P675,0.3535802573378233,no
801,P676,9.960107957951436e-06,no
802,P677,0.051181592845850554,no
803,P678,0.061561561526309094,no
804,P679,0.18337738309428364,no
805,P680,0.4016689425100576,no
806,P681,0.0,no
807,P683,0.6730475208792385,no
808,P684,0.2927917130573223,no
809,P685,0.2880569278486699,no
810,P686,0.23230045956822176,no
811,P687,0.44074065428418496,no
812,P688,0.5388042236700286,yes
813,P689,0.7010511690573082,no
814,P690,0.8205881236366693,no
815,P691,0.4512522478086449,no
816,P692,0.73595649039339,no
817,P693,0.43328167996860223,no
818,P694,0.7065708655392609,no
819,P695,0.6957782115829144,yes
820,P696,0.857071033168413,no
821,P697,0.8324680017249444,no
822,P698,0.31408077273858603,no
823,P699,0.675066360196471,no
824,P700,0.8473696290924099,no
825,P701,0.261998040949192,no
826,P702,0.7168914940204816,no
827,P703,0.6835970024979184,no
828,P704,0.7132992330570251,no
829,P705,0.4868578759575869,yes
830,P706,0.8048626372541843,no
831,P707,0.4354508196721313,no
832,P708,0.5764411027568923,no
833,P709,0.6315088218860081,yes
834,P710,0.6780104340494901,no
835,P711,0.0,no
836,P712,0.6532527911179506,no
837,P715,9.994003597857404e-05,no
838,P718,0.13872748702466853,no
839,P719,0.07407407407042699,no
840,P720,0.33451247264630746,no
841,P721,0.5172653868348944,no
842,P722,0.0,no
843,P723,0.5746150611061268,no
844,P725,0.19615945537005464,no
845,P726,0.8736132782570215,no
846,P727,0.5771899441408351,no
847,P729,0.0,no
848,P730,0.0,no
849,P733,0.0,no
850,P737,0.744912068480998,yes
851,P738,0.5183380392405638,no
852,P739,0.7719461981001008,no
853,P742,0.5267246888775821,no
854,P743,0.0,no
855,P744,3.9215640135203955e-07,no
856,P746,0.6937882791584733,no
857,P748,0.8668579280989438,no
858,P749,0.11715814341746134,no
859,P750,0.26951021487100024,no
860,P754,0.6654708114537705,no
861,P755,0.20615268963880307,no
862,P757,0.0,no
863,P758,0.755846443172756,no
864,P759,0.8434999807477888,no
865,P760,0.40007523345435236,no
866,P762,0.8285413300323174,yes
867,P764,1.818180825896576e-07,no
868,P765,0.08633474576070654,no
869,P768,0.5315235296768629,no
870,P769,0.8201368080102605,no
871,P771,0.0,no
872,P773,0.0,no
873,P774,0.5722528191187624,yes
874,P775,0.8727972196546203,yes
875,P776,0.5532285982041436,no
876,P782,0.11710354209173945,no
877,P783,0.516748339093388,yes
878,P790,9.783692189735405e-09,no
879,P791,0.0,no
880,P792,0.0,no
881,P793,0.0,no
882,P794,8.942139551049166e-08,no
883,P795,0.0,no
884,P796,0.3290605748864667,no
885,P797,0.0,no
886,P798,0.7593841071620162,no
887,P799,0.0,no
888,P800,0.04631186030762191,no
889,P801,0.23286125709262784,no
890,P802,0.4985693489397519,no
891,P803,0.0,no
892,P804,0.4124322556740342,no
893,P806,0.11971856564800332,no
894,P807,0.0,no
895,P808,0.28764592039687154,no
896,P809,0.0,no
897,P810,1.6577777928183934e-08,no
898,P811,0.0,no
899,P812,2.0322722282806183e-08,no
900,P813,0.4913153591865904,no
901,P814,0.0,no
902,P815,0.29471275263396757,no
903,P817,1.4745021204021214e-08,no
904,P819,0.0,no
905,P820,0.595249313470226,no
906,P821,0.0,no
907,P822,0.0,no
908,P826,0.5167189818803755,no
909,P829,0.0,no
910,P831,0.0,no
911,P833,0.0,no
912,P835,0.0,no
913,P839,0.0,no
914,P840,0.0,no
915,P848,0.0,no
916,P851,0.4962601125511801,no
917,P852,0.0,no
918,P853,0.11872709310596952,no
919,P858,0.6520211296562374,no
920,P860,0.0,no
921,P864,0.0,no
922,P867,6.2124655864082e-08,no
923,P868,0.5499585859203098,no
924,P870,0.0,no
925,P872,0.7017736445140415,no
926,P874,0.2779408122223871,no
927,P875,1.135099503279946e-08,no
928,P876,0.208991415710161,no
929,P882,0.888785708821331,no
930,P885,0.0,no
931,P887,0.0,no
932,P888,0.27209813884379075,no
933,P889,0.0,no
934,P890,0.0,no
935,P891,0.0,no
936,P892,0.0,no
937,P893,0.0004985044865403188,no
938,P894,0.0004985044865403188,no
939,P896,0.0004985044865403188,no
940,P897,0.0,no
941,P898,0.0,no
942,P900,0.0,no
943,P901,0.0,no
944,P902,0.0,no
945,P903,0.0,no
946,P904,0.0,no
947,P905,0.0,no
948,P906,0.0,no
949,P907,0.0,no
950,P908,0.0,no
951,P909,0.0,no
952,P910,0.0,no
953,P911,0.0,no
954,P912,0.0,no
955,P914,0.0,no
956,P915,0.0,no
957,P916,0.0,no
958,P917,0.0,no
959,P918,0.414745450386228,no
960,P919,0.0,no
961,P920,0.4928270049757424,no
962,P921,0.625787420410403,no
963,P922,0.4045400399580392,no
964,P923,0.5229364813528976,no
965,P924,0.7191713180772881,no
966,P925,0.557725687769127,no
967,P926,0.4875288005216373,no
968,P927,0.6182085168869309,no
969,P928,0.5957665832260137,no
970,P929,0.602381427637102,no
971,P930,0.7008686648100735,no
972,P932,0.5859770891641598,no
973,P933,0.5579859102548279,no
974,P934,0.7043902464308587,no
975,P936,0.7681824077180639,yes
976,P937,0.7394111144267795,yes
977,P938,0.12897144674093375,no
978,P939,0.8321937875805632,no
979,P941,0.4602261781532313,no
980,P942,0.7462044470346463,no
981,P943,0.14053487152581945,no
982,P945,0.34043529378559634,no
983,P946,0.3702588500664269,no
984,P947,0.6496589087473074,no
985,P948,0.7068742359864362,no
986,P949,0.6455962238587452,no
987,P950,0.14932861225619254,no
988,P951,0.33017130479638224,no
989,P952,0.6188945548753879,no
990,P953,0.23407622607628853,no
991,P954,0.7731644798924419,no
992,P955,7.777777288886512e-08,no
993,P956,0.7540192957230165,no
994,P957,0.6870749713651029,no
995,P958,0.5983113571801983,no
996,P959,0.18287208050558823,no
997,P960,0.5864128886223141,no
998,P962,0.5940885757919929,yes
999,P963,0.7197287915122992,no
1000,P964,0.8335705072372599,no
1001,P965,0.784939203096338,no
1002,P966,0.73064062168117,no
1003,P968,0.6567104717324712,no
1004,P969,0.015149544940787907,no
1005,P971,0.7528136264718855,no
1006,P974,0.679124913340573,no
1007,P975,0.6783067041469942,no
1008,P976,0.5848345577746653,no
1009,P977,0.661329853531454,no
1010,P978,0.6105572621925379,yes
1011,P980,0.6875603683970515,no
1012,P981,0.0,no
1013,P982,0.6857199584886706,no
1014,P983,0.7994358849645766,no
1015,P984,0.6312614539473702,yes
1016,P985,0.13089608277961962,no
1017,P986,0.5088409938274886,no
1018,P987,0.8016118712507588,no
1019,P988,0.4842442655440087,no
1020,P989,0.3364468008656578,no
1021,P990,0.0,no
1022,P991,0.11919862709698481,no
1023,P992,0.6223751685297398,no
1024,P993,0.6731688477130284,no
1025,P994,0.7042801673930774,no
1026,P995,0.4836654513483065,no
1027,P996,0.7713725834958101,no
1028,P997,0.3544833904995923,yes
1029,P998,0.017486363839657626,no
1030,P999,0.7590441654882253,yes
